愛,,qə̂i,,,1
悪,（惡）,qak,,,1
圧,（壓）,qrap,,,1
安,,qan,,,1
暗,,qə̂m,,,1
案,,qân,,,1
以,,jiə́,,,1
位,,xrŷi,,,1
囲,（圍）,xyui,,,1
委,,qryé,,,1
意,,qiə̂,,,1
易,,jiê,形容詞【簡単な】、副詞【しやすい】、動詞【あなどる】。,,1
易,,jiek,動詞【とりかえる，かわる】、名詞【うらない】。,例詞：｛貿易｝,1
異,（异）,jiə̂,,,1
移,,jie,,,1
胃,,xyûi,,,1
衣,,qiəi,,,1
遺,,jyi,,,1
医,（醫）,qiə̂,,,1
域,,xryək,,,1
育,,jyuk,,,1
一,,qit,,,1
印,,qîn,,,1
員,,xryen,,,1
因,,qin,,,1
引,,jín,,,1
飲,,qrím,,,1
院,,xryên,,,1
右,,xyú,,,1
宇,,xyó,,,1
雨,,xyó,,,1
運,,xyûn,,,1
雲,,xyun,,,1
営,（營）,jyeŋ,,,1
映,,qriêŋ,,,1
栄,（榮）,xryeŋ,,,1
永,,xryéŋ,,,1
泳,,xryêŋ,,,1
英,,qrieŋ,,,1
衛,,xryêi,,,1
液,,jiek,,,1
駅,（驛）,jiek,,,1
円,（圓）,xryen,,,1
園,,xyon,,,1
延,,jien,,,1
沿,,jyen,,,1
演,,jién,,,1
遠,,xyón,,,1
央,,qiaŋ,,,1
往,,xyáŋ,,,1
横,,xruaŋ,,,1
王,,xyaŋ,,,1
黄,,xuaŋ,,,1
億,,qiək,,,1
屋,,quk,,,1
恩,,qən,,,1
温,,qun,,,1
音,,qrim,,,1
下,,xrá,,,1
化,,qhruâ,,,1
仮,（假）,krá,,,1
何,,xa,,,1
価,（價）,krâ,,,1
加,,kra,,,1
可,,khá,,,1
夏,,xrâ,,,1
家,,kra,,,1
科,,khua,,,1
果,,kuá,,,1
歌,,ka,,,1
河,,xa,,,1
火,,qhuá,,,1
花,,qhrua,,,1
荷,,xá,,,1
課,,khuâ,,,1
貨,,qhuâ,,,1
過,,kuâ,,,1
我,,ŋá,,,1
画,（畫）,xruê,動詞【かく】、名詞【絵画】。,,1
画,（畫）,xruek,動詞【区分する】、【計画する】、名詞【計略】、【漢字の点や線】。,例詞：｛計畫｝、｛畫數｝,1
芽,,ŋra,,,1
賀,,xâ,,,1
会,（會）,xuâi,,,1
解,,kré,,,1
回,,xui,,,1
快,,khruâi,,,1
改,,kə́i,,,1
械,,xrêi,,,1
海,,qhə́i,,,1
灰,,qhui,,,1
界,,krêi,,,1
絵,（繪）,xuâi,,,1
開,,khəi,,,1
階,,krei,,,1
貝,,pâi,,,1
外,,ŋuâi,,,1
害,,xâi,,,1
街,,kre,,,1
各,,kak,,,1
拡,（擴）,khuak,,,1
格,,krak,,,1
確,,khrok,,,1
覚,（覺）,krok,動詞【感じる，さとる】、名詞【さとり】。,例詞：｛視覺｝、｛覺醒｝,1
角,,krok,,,1
閣,,kak,,,1
革,,krek,,,1
学,（學）,xrok,,,1
楽,（樂）,ŋrok,名詞【音楽】、動詞【うたう，かなでる】。,,1
楽,（樂）,lak,,,1
額,,ŋrak,,,1
割,,kat,,,1
活,,xuat,,,1
株,,tryo,,,1
寒,,xan,,,1
刊,,khan,,,1
巻,（卷）,kryén,動詞【まく】。,,1
巻,（卷）,kryên,名詞【まいたもの】。,,1
完,,xuan,,,1
官,,kuan,,,1
干,,kan,,,1
幹,,kân,,,1
感,,kə́m,,,1
慣,,kruân,,,1
漢,,qhân,,,1
看,,khân,,,1
管,,kuán,,,1
簡,,krén,,,1
観,（觀）,kuan,,,1
間,,kren,名詞【あいだ】、副詞【このごろ】。,,1
関,（關）,kruan,,,1
丸,,xuan,,,1
岸,,ŋân,,,1
眼,,ŋrén,,,1
岩,,ŋram,,,1
顔,,ŋran,,,1
願,,ŋyôn,,,1
危,,ŋrye,,,1
喜,,qhiə́,,,1
器,,khrî,,,1
基,,kiə,,,1
寄,,kriê,,,1
希,,qhiəi,,,1
揮,,qhyui,,,1
机,,krí,,,1
旗,,giə,,,1
期,,giə,,,1
機,,kiəi,,,1
帰,（歸）,kyui,,,1
気,（氣）,khiə̂i,,,1
汽,,khiə̂i,,,1
季,,kŷi,,,1
紀,,kiə́,,,1
規,,kye,,,1
記,,kiə̂,,,1
貴,,kyûi,,,1
起,,khiə́,,,1
技,,grié,,,1
疑,,ŋiə,,,1
義,,ŋriê,,,1
議,,ŋriê,,,1
客,,khrak,,,1
逆,,ŋriek,,,1
久,,kyú,,,1
休,,qhyu,,,1
吸,,qhrip,,,1
宮,（宫）,kyuŋ,,,1
弓,,kyuŋ,,,1
急,,krip,,,1
救,,kyû,,,1
求,,gyu,,,1
泣,,khrip,,,1
球,,gyu,,,1
究,,kyû,,,1
級,,krip,,,1
給,,krip,,,1
旧,（舊）,gyû,,,1
牛,,ŋyu,,,1
去,,khiô,,,1
居,,kio,,,1
挙,（舉）,kió,,,1
許,,qhió,,,1
漁,,ŋio,,,1
魚,,ŋio,,,1
供,,kyôŋ,動詞【たてまつる，もうける】、【もうしたてる】、名詞【そなえもの】、【もうしたて】。,例詞：｛供述｝,1
供,,kyoŋ,動詞【供給する】。,,1
競,,griêŋ,,,1
共,,gyôŋ,,,1
協,,xep,,,1
境,,kriéŋ,,,1
強,（强）,giaŋ,,,1
教,,krau,動詞【おしえる】，助動詞【させる】。,,1
教,,krâu,名詞【おしえ】。,,1
橋,,grieu,,,1
胸,,qhyoŋ,,,1
興,,qhiəŋ,,,1
郷,（鄉）,qhiaŋ,,,1
鏡,,kriêŋ,,,1
業,,ŋiap,,,1
局,,gyok,,,1
曲,,khyok,,,1
極,,giək,,,1
玉,,ŋyok,,,1
勤,,giən,,,1
均,,kyn,,,1
禁,,krîm,,,1
筋,,kiən,,,1
近,,giə́n,,,1
金,,krim,,,1
銀,,ŋrin,,,1
九,,kyú,,,1
句,,kyô,,,1
区,,khyo,,,1
苦,,khó,,,1
具,,gyô,,,1
空,,khuŋ,形容詞【からである】、動詞【なくなる】、名詞【そら】、副詞【むだに，ただ】。,,1
君,,kyun,,,1
訓,,qhyûn,,,1
群,,gyun,,,1
軍,,kyun,,,1
郡,,gyûn,,,1
係,,kêi,,,1
兄,,qhryeŋ,,,1
型,,xeŋ,,,1
形,,xeŋ,,,1
径,（徑）,kêŋ,,,1
敬,,kriêŋ,,,1
景,,kriéŋ,,,1
系,,xêi,,,1
経,（經）,keŋ,,,1
計,,kêi,,,1
警,,kriéŋ,,,1
軽,,khieŋ,,,1
芸,（藝）,ŋiêi,,,1
劇,,griek,,,1
激,,kek,,,1
欠,（缺）,khyet,,,1
決,,kuet,,,1
潔,,ket,,,1
穴,,xuet,,,1
結,,ket,,,1
血,,qhuet,,,1
月,,ŋyot,,,1
件,,grién,,,1
健,,giân,,,1
券,,khyôn,,,1
建,,kiân,,,1
憲,,qhiân,,,1
検,（檢）,kriém,,,1
権,（權）,gryen,,,1
犬,,khuén,,,1
研,,ŋên,,,1
絹,,kyên,,,1
県,（縣）,xuên,,,1
見,,kên,,,1
険,（險）,qhriém,,,1
験,（驗）,ŋriêm,,,1
元,,ŋyon,,,1
原,,ŋyon,,,1
厳,（嚴）,ŋiam,,,1
減,,krém,,,1
源,,ŋyon,,,1
現,,xên,,,1
言,,ŋian,,,1
限,,xrén,,,1
個,,kâ,,,1
古,,kó,,,1
呼,,qho,,,1
固,,kô,,,1
己,,kiə́,,,1
庫,,khô,,,1
戸,（户）,xó,,,1
故,,kô,,,1
湖,,xo,,,1
五,,ŋó,,,1
午,,ŋó,,,1
後,,xú,,,1
語,,ŋió,,,1
誤,,ŋô,,,1
護,,xô,,,1
交,,krau,,,1
候,,xû,,,1
光,,kuaŋ,,,1
公,,kuŋ,,,1
功,,kuŋ,,,1
効,（效）,xrâu,,,1
厚,,xú,,,1
口,,khú,,,1
向,,qhiâŋ,,,1
后,,xú,,,1
好,,qháu,形容詞【よい】、動詞【できる】、副詞【とても】。,,1
好,,qhâu,動詞【すきである】、形容詞【しがちである】。,,1
孝,,qhrâu,,,1
工,,kuŋ,,,1
幸,,xréŋ,,,1
広,（廣）,kuáŋ,,,1
康,,khaŋ,,,1
校,,xrâu,,,1
構,,kû,,,1
港,,króŋ,,,1
皇,,xuaŋ,,,1
紅,,xuŋ,,,1
耕,,kreŋ,,,1
考,,kháu,,,1
航,,xaŋ,,,1
行,,xraŋ,動詞【いく】、【おこなう】、名詞【みち】、副詞【やがて】、形容詞【臨時の】。,例詞：｛行書｝、｛五行｝,1
行,,xrâŋ,名詞【おこない】、動詞【みまわる】。,例詞：｛行爲｝,1
講,,króŋ,,,1
鉱,（鑛）,kruáŋ,,,1
鋼,,kaŋ,,,1
降,,krôŋ,動詞【おりる，おとす】。,,1
降,,xroŋ,動詞【降伏する，うちまかす，安心する】、副詞【共同で】。,,1
高,,kau,,,1
号,（號）,xau,動詞【さけぶ，なきさけぶ】、代詞【どうして】。,,1
号,（號）,xâu,動詞【よぶ，命令する】、名詞【なまえ，しるし】、【命令】。,,1
合,,xəp,,,1
刻,,khək,,,1
告,,kâu,,,1
国,（國）,kuək,,,1
穀,,kuk,,,1
黒,（黑）,qhək,,,1
骨,,kut,,,1
今,,krim,,,1
困,,khûn,,,1
根,,kən,,,1
混,,xún,,,1
左,,cá,,,1
差,,chra,,,1
査,查,dzra,,,1
砂,,sra,,,1
座,,dzuâ,,,1
再,,cə̂i,,,1
最,,cuâi,,,1
妻,,chei,,,1
才,,dzəi,,,1
採,,chə́i,,,1
済,（濟）,cêi,,,1
災,,cəi,,,1
祭,,ciêi,,,1
細,,sêi,,,1
菜,,chə̂i,,,1
裁,,dzəi,,,1
際,,ciêi,,,1
在,,dzə́i,,,1
材,,dzəi,,,1
罪,,dzúi,,,1
財,,dzəi,,,1
坂,,pyón,,,1
作,,cak,,,1
昨,,dzak,,,1
策,,chrek,,,1
桜,,qreŋ,,,1
冊,（册）,chrek,,,1
刷,,sruat,,,1
察,,chret,,,1
札,,cret,,,1
殺,,sret,,,1
雑,（雜）,dzəp,,,1
皿,,mriéŋ,,,1
三,,sam,,,1
参,（參）,chəm,,,1
山,,sren,,,1
散,,sán,形容詞【ちっている】、名詞【こなぐすり】。,例詞：｛散步｝,1
散,,sân,他動詞【ちらす】。,,1
産,,srén,,,1
算,,suán,,,1
蚕,（蠶）,dzəm,,,1
賛,（贊）,cân,,,1
酸,,suan,,,1
残,（殘）,dzan,,,1
仕,,dzriə́,,,1
使,,sriə́,動詞【つかう，派遣する】、【させる】、名詞【使用人】、連詞【かりに】。,,1
司,,siə,,,1
史,,sriə́,,,1
四,,sî,,,1
士,,dzriə́,,,1
始,,shiə́,,,1
姉,（姊）,cí,,,1
姿,,ci,,,1
子,,ciə́,,,1
市,,diə́,,,1
師,,sri,,,1
志,,tiə̂,,,1
思,,siə,,,1
指,,tí,,,1
支,,tie,,,1
枝,,tie,,,1
止,,tiə́,,,1
死,,sí,,,1
氏,,dié,,,1
私,,si,,,1
糸,（絲）,siə,,,1
紙,,tié,,,1
至,,tî,,,1
視,,dí,,,1
詞,,ziə,,,1
詩,,shiə,,,1
試,,shiə̂,,,1
誌,,tiə̂,,,1
資,,ci,,,1
歯,（齒）,thiə́,,,1
事,,dzriə̂,,,1
似,,ziə́,,,1
児,（兒）,nie,,,1
字,,dziə̂,,,1
寺,,ziə̂,,,1
持,,driə,,,1
次,,chî,,,1
治,,driə̂,,,1
磁,,dzi,,,1
示,,zhî,,,1
耳,,niə́,,,1
自,,dzî,,,1
辞,（辭）,ziə,,,1
式,,shiək,,,1
識,,shiək,動詞【わかる，みわける，みとめる】、名詞【しっているもの】。,,1
七,,chit,,,1
失,,shit,,,1
室,,shit,,,1
質,,tit,,,1
実,（實）,zhit,,,1
舎,（舍）,shiâ,,,1
写,（寫）,siá,,,1
射,,zhiâ,,,1
捨,,shiá,,,1
社,,diá,,,1
者,,tiá,,,1
謝,,ziâ,,,1
車,,thia,,,1
借,,ciâ,,,1
尺,,thiek,,,1
若,,niak,,,1
弱,,niak,,,1
主,,tyó,,,1
取,,chyó,,,1
守,,shyú,,,1
手,,shyú,,,1
種,,tyóŋ,,,1
酒,,cyú,,,1
首,,shyú,,,1
受,,dyú,,,1
授,,dyû,,,1
樹,,dyô,名詞【樹木】。,,1
収,（收）,shyu,,,1
周,,tyu,,,1
宗,,coŋ,,,1
就,,dzyû,,,1
州,,tyu,,,1
修,,syu,,,1
拾,,dip,,,1
秋,,chyu,,,1
終,,tyuŋ,,,1
習,,zip,,,1
衆,,tyûŋ,,,1
週,（周）,tyu,,,1
集,,dzip,,,1
住,,dryô,,,1
十,,dip,,,1
従,（從）,dzyoŋ,,,1
縦,（縱）,cyoŋ,,,1
重,,dryóŋ,,,1
宿,,syuk,,,1
祝,,tyuk,,,1
縮,,sryuk,,,1
熟,,dyuk,,,1
出,,thyt,,,1
術,,zhyt,,,1
述,,zhyt,,,1
春,,thyn,,,1
準,,týn,,,1
純,,dyn,,,1
順,,zhŷn,,,1
処,（處）,thió,動詞【いる，さだめる】、名詞【規律】。,,1
処,（處）,thiô,名詞【ところ】。,,1
初,,chrio,,,1
所,,srió,,,1
暑,,shió,,,1
署,,diô,,,1
書,,shio,,,1
助,,dzriô,,,1
女,,nrió,,,1
序,,zió,,,1
除,,drio,,,1
傷,,shiaŋ,,,1
勝,,shiəŋ,,,1
商,,shiaŋ,,,1
唱,,thiâŋ,,,1
将,（將）,ciâŋ,名詞【将軍】、動詞【ひきいる，将軍になる】。,,1
将,（將）,ciaŋ,,例詞：｛將軍｝,1
小,,siéu,,,1
少,,shiéu,,,1
承,,diəŋ,,,1
招,,tieu,,,1
昭,,tieu,,,1
松,,zyoŋ,,,1
消,,sieu,,,1
焼,,shieu,,,1
照,,tiêu,,,1
省,,siéŋ,名詞【みる，かえりみる，みまう】、【わかる】、形容詞【はっきりとしている】、【立派である】。,,1
省,,sriéŋ,名詞【役所】、動詞【はぶく】、形容詞【簡略な】、副詞【かつて】。,,1
章,,tiaŋ,,,1
笑,,siêu,,,1
証,（證）,tiə̂ŋ,,,1
象,,ziáŋ,,,1
賞,,shiáŋ,,,1
障,,tiâŋ,,,1
上,,diáŋ,動詞【あげる，あがる】，副詞【うえに】。,,1
上,,diâŋ,名詞【うえ】，副詞【どうか】。,,1
乗,（乘）,zhiəŋ,,,1
城,,dieŋ,,,1
場,,driaŋ,,,1
常,,diaŋ,,,1
情,,dzieŋ,,,1
条,（條）,deu,,,1
状,（狀）,dzriâŋ,,,1
蒸,,tiəŋ,,,1
植,,diək,,,1
織,,tiək,,,1
職,,tiək,,,1
色,,sriək,,,1
食,,zhiək,,,1
信,,sîn,,,1
心,,sim,,,1
新,,sin,,,1
森,,srim,,,1
深,,shim,,,1
申,,shin,,,1
真,,tin,,,1
臣,,din,,,1
親,,chin,,,1
身,,shin,,,1
進,,cîn,,,1
針,,tim,,,1
人,,nin,,,1
仁,,nin,,,1
図,（圖）,do,,,1
垂,,dye,,,1
推,,thui,,,1
水,,shýi,,,1
数,（數）,sryó,動詞【かぞえる】,,1
数,（數）,sryô,,,1
寸,,chûn,,,1
世,,shiêi,,,1
制,,tiêi,,,1
勢,,shiêi,,,1
性,,siêŋ,,,1
成,,dieŋ,,,1
政,,tiêŋ,,,1
整,,tiéŋ,,,1
星,,seŋ,,,1
正,,tiêŋ,,,1
清,,chieŋ,,,1
生,,srieŋ,,,1
盛,,diêŋ,形容詞【さかんな】、名詞【極致】、副詞【とても】、動詞【ほめたたえる】、【そだてる】。,,1
盛,,dieŋ,動詞【もりつける，おさめる】、名詞【もるもの】。,,1
聖,,shiêŋ,,,1
声,（聲）,shieŋ,,,1
製,,tiêi,,,1
西,,sei,,,1
誠,,dieŋ,,,1
青,,cheŋ,,,1
静,,dziéŋ,,,1
税,,shyêi,,,1
席,,ziek,,,1
昔,,siek,,,1
石,,diek,,,1
積,,ciek,,,1
績,,cek,,,1
責,,crek,,,1
赤,,thiek,,,1
切,,chet,,,1
接,,ciep,,,1
折,,tiet,,,1
設,,shiet,,,1
節,,cet,,,1
説,,shyet,動詞【いう】、【解釈する，評論する】、名詞【言論】。,,1
雪,,syet,,,1
絶,,dzyet,,,1
舌,,zhiet,,,1
先,,sen,,,1
千,,chen,,,1
宣,,syen,,,1
専,（專）,tyen,,,1
川,,thyen,,,1
戦,（戰）,tiên,,,1
泉,,dzyen,,,1
浅,（淺）,chién,,,1
洗,,séi,,,1
染,,niém,,,1
線,（綫）,siên,,,1
船,,zhyen,,,1
選,,syén,,,1
銭,（錢）,dzien,,,1
前,,dzen,,,1
善,,dién,,,1
然,,nien,,,1
全,,dzyen,,,1
祖,,có,,,1
素,,sô,,,1
組,,có,,,1
創,,chriâŋ,動詞【はじめる】、【いましめる】。,,1
創,,chriaŋ,名詞【きず】。,,1
倉,,chaŋ,,,1
奏,,cû,,,1
層,,dzəŋ,,,1
想,,siáŋ,,,1
操,,chau,,,1
早,,cáu,,,1
巣,（巢）,dzrau,,,1
争,,creŋ,,,1
相,,siaŋ,副詞【たがいに】。,,1
相,,siâŋ,,,1
窓,（窗）,chroŋ,,,1
総,（總）,cúŋ,,,1
草,,cháu,,,1
装,（裝）,criaŋ,,,1
走,,cú,動詞【はしる】。,,1
送,,sûŋ,,,1
像,,ziáŋ,,,1
増,（增）,cəŋ,,,1
臓,（臟）,dzâŋ,,,1
蔵,（藏）,dzaŋ,動詞【おさめる】。,,1
蔵,（藏）,dzâŋ,名詞【くら】、【経典】。,例詞：｛西藏｝,1
造,,dzáu,,,1
側,,criək,,,1
則,,cək,,,1
息,,siək,,,1
束,,shyok,,,1
測,,chriək,,,1
足,,cyok,名詞【あし】、動詞【ふむ】、形容詞【たりる】。,,1
速,,suk,,,1
属,（屬）,dyok,,,1
族,,dzuk,,,1
続,（續）,zyok,,,1
卒,,cyt,動詞【おわる，おえる】、副詞【結局】、【すべて】。,,1
存,,dzun,,,1
孫,,sun,,,1
尊,,cun,,,1
損,,sún,,,1
村,,chun,,,1
他,,tha,,,1
多,,ta,,,1
太,,thâi,,,1
打,,téŋ,,,1
体,（體）,théi,,,1
対,（對）,tûi,,,1
帯,（帶）,tâi,,,1
待,,də́i,,,1
態,,thə̂i,,,1
貸,,thə̂i,,,1
退,,thûi,,,1
隊,,dûi,,,1
代,,də̂i,,,1
台,（臺）,dəi,,,1
大,,dâi,,,1
第,,dêi,,,1
題,,dei,,,1
宅,,drak,,,1
達,,dat,,,1
谷,,kuk,,,1
単,（單）,tan,,,1
担,（擔）,tam,動詞【になう】。,,1
探,,thəm,,,1
炭,,thân,,,1
短,,tuán,,,1
誕,,dán,,,1
団,（團）,duan,,,1
断,（斷）,tuân,動詞【きめる】、副詞【かならず，きっぱりと】。,例詞：｛判斷｝,1
断,（斷）,duán,動詞【きりはなす，禁止する】。,例詞：｛斷酒｝,1
暖,,nuán,,,1
段,,duân,,,1
男,,nəm,,,1
談,,dam,,,1
値,,driə̂,,,1
知,,trie,,,1
地,,dʼî,,,1
池,,drie,,,1
置,,triə̂,,,1
築,,tryuk,,,1
竹,,tryuk,,,1
茶,,dra,,,1
着,（著）,driak,,,1
中,,tryuŋ,,,1
仲,,dryûŋ,,,1
宙,,dryû,,,1
忠,,tryuŋ,,,1
昼,（晝）,tryû,,,1
柱,,dryó,,,1
注,,tyô,,,1
虫,（蟲）,dryuŋ,,,1
著,,triô,,,1
貯,,trió,,,1
丁,,teŋ,,,1
兆,,driéu,,,1
帳,,triâŋ,,,1
庁,（廳）,theŋ,,,1
張,,triaŋ,,,1
朝,,trieu,,,1
潮,,drieu,,,1
町,,théŋ,,,1
腸,,driaŋ,,,1
調,,dêu,動詞【調査する】、【異動する】，【徴用する】、名詞【税】、【韻律】、【おもむき】。,,1
長,,driaŋ,,,1
頂,,téŋ,,,1
鳥,,téu,,,1
直,,driək,,,1
賃,,nrîm,,,1
追,,tryi,,,1
痛,,thûŋ,,,1
通,,thuŋ,,,1
低,,tei,,,1
停,,deŋ,,,1
定,,dêŋ,,,1
底,,téi,,,1
庭,,deŋ,,,1
弟,,déi,,,1
提,,dei,,,1
程,,drieŋ,,,1
敵,,dek,,,1
的,,tek,,,1
笛,,dek,,,1
適,,shiek,,,1
鉄,（鐵）,thet,,,1
典,,tén,,,1
天,,then,,,1
展,,trién,,,1
店,,têm,,,1
転,（轉）,tryén,,,1
点,（點）,tém,,,1
伝,（傳）,dryen,動詞【つたえる】。,,1
伝,（傳）,dryên,名詞【つたえ】。,,1
田,,den,,,1
電,,dên,,,1
徒,,do,,,1
登,,təŋ,,,1
努,,nó,,,1
度,,dô,,,1
土,,thó,,,1
党,（黨）,táŋ,,,1
冬,,toŋ,,,1
刀,,tau,,,1
島,,táu,,,1
投,,du,,,1
東,,tuŋ,,,1
湯,,thaŋ,,,1
灯,（燈）,təŋ,,,1
当,（當）,tâŋ,動詞【みなす】、【質にいれる】、形容詞【ふさわしい】、【この，いまの】。,例詞：｛適當｝、｛抵當｝,1
当,（當）,taŋ,動詞【匹敵する】、【つかさどる】、【はずである】、副詞【いまにも】、【まだ】、【つまり】、介詞【対して】、形容詞【むかしの】。,例詞：｛當然｝,1
等,,tə́ŋ,,,1
答,,təp,,,1
糖,,daŋ,,,1
統,,thôŋ,,,1
討,,tháu,,,1
豆,,dû,,,1
頭,,du,,,1
働,,dúŋ,,,1
動,,dúŋ,,,1
同,,duŋ,,,1
堂,,daŋ,,,1
導,,dâu,,,1
童,,duŋ,,,1
道,,dâu,動詞【おさめる，みちびく】。,,1
道,,dáu,,,1
銅,,duŋ,,,1
得,,tək,,,1
徳,（德）,tək,,,1
特,,dək,,,1
毒,,dok,,,1
独,（獨）,duk,,,1
読,,duk,,,1
届,,krêi,,,1
内,,nûi,,,1
南,,nəm,,,1
難,,nan,,,1
二,,nî,,,1
肉,,nyuk,,,1
日,,nit,,,1
乳,,nyó,,,1
入,,nip,,,1
任,,nîm,,,1
認,,nîn,,,1
熱,,niet,,,1
年,,nen,,,1
念,,nêm,,,1
燃,,nien,,,1
納,,nəp,,,1
能,,nəŋ,,,1
脳,（腦）,náu,,,1
農,,noŋ,,,1
波,,pa,,,1
派,,phrê,,,1
破,,phâ,,,1
馬,,mrá,,,1
俳,,brei,,,1
拝,（拜）,prêi,,,1
敗,,brâi,,,1
背,,pûi,,,1
肺,,phyôi,,,1
配,,phûi,,,1
倍,,búi,,,1
梅,,mui,,,1
買,,mré,,,1
売,（賣）,mrê,,,1
博,,pak,,,1
白,,brak,,,1
箱,,siaŋ,,,1
八,,pret,,,1
発,（發）,pyot,,,1
判,,phân,,,1
半,,pân,,,1
反,,pyón,,,1
板,,prán,,,1
版,,prán,,,1
犯,,byóm,,,1
班,,pran,,,1
晩,（晚）,myón,,,1
番,,phyon,,,1
否,,pyú,,,1
悲,,pryi,,,1
批,,phei,,,1
比,,pí,動詞【くらべる】、【準用する】、【類似する】、名詞【先例】、【同類】、介詞【よりも】。,,1
皮,,brie,,,1
秘,,prŷi,,,1
肥,,byui,,,1
費,,phyûi,,,1
非,,pyui,,,1
飛,,pyui,,,1
備,,brŷi,,,1
美,,mrýi,,,1
鼻,,bî,,,1
必,,pit,,,1
筆,,pryt,,,1
百,,prak,,,1
俵,,priêu,,,1
標,,pieu,,,1
氷,（冰）,pryəŋ,,,1
票,,phiêu,,,1
表,,priéu,,,1
評,,brieŋ,,,1
病,,briêŋ,,,1
秒,,miéu,,,1
品,,phrím,,,1
貧,,bryn,,,1
不,,pyú,,,1
付,,byô,動詞【つく，つけたす】、【ちかずく，たよる，たのむ】。,,1
夫,,pyo,,,1
婦,,byú,,,1
富,,pyû,,,1
布,,pô,,,1
府,,pyó,,,1
父,,byó,,,1
負,,byú,,,1
武,,myó,,,1
部,,bú,,,1
風,,pyuŋ,,,1
副,,phyû,,,1
復,,byuk,動詞【ひきかえす，しかえしする，くりかえす】、【こたえる】。,,1
腹,,pyuk,,,1
複,,pyuk,,,1
仏,（佛）,byut,,,1
物,,myut,,,1
分,,pyun,,,1
奮,,pyûn,,,1
粉,,pyún,,,1
文,,myun,,,1
聞,,myun,,,1
兵,,prieŋ,,,1
平,,brieŋ,,,1
並,（并）,béŋ,,,1
閉,,pêi,,,1
陛,,béi,,,1
米,,méi,,,1
別,（别）,bryet,,,1
変,（變）,pryên,,,1
片,,phên,,,1
編,,pen,,,1
辺,（邊）,pen,,,1
返,,pyón,,,1
便,,biên,,,1
勉,,mryén,,,1
弁,（辨）,bryén,,,1
弁,（辯）,bryén,,,1
弁,（瓣）,brên,,,1
保,,páu,,,1
歩,（步）,bô,,,1
補,,pó,,,1
墓,,mô,,,1
暮,,mô,,,1
母,,mú,,,1
包,,prau,,,1
報,,pâu,,,1
宝,（寶）,páu,,,1
放,,pyâŋ,,,1
方,,pyaŋ,,,1
法,,pyop,,,1
訪,,phyâŋ,,,1
豊,（豐）,phyuŋ,,,1
亡,,myaŋ,,,1
忘,,myâŋ,,,1
暴,,bâu,,,1
望,,myâŋ,,,1
棒,,bróŋ,,,1
貿,,mû,,,1
防,,byaŋ,,,1
北,,pək,,,1
牧,,myuk,,,1
本,,pún,,,1
妹,,mûi,,,1
枚,,mui,,,1
毎,（每）,múi,,,1
幕,,mak,,,1
末,,mat,,,1
万,（萬）,myôn,,,1
味,,myûi,,,1
未,,myûi,,,1
密,,mryt,,,1
脈,（脉）,mrek,,,1
民,,min,,,1
務,,myô,,,1
夢,,myûŋ,,,1
無,,myo,,,1
名,,mieŋ,,,1
命,,mriêŋ,,,1
明,,mrieŋ,,,1
盟,,mrieŋ,,,1
迷,,mei,,,1
鳴,,mrieŋ,,,1
綿,,mien,,,1
面,,miên,,,1
模,,mo,,,1
毛,,mau,,,1
木,,muk,,,1
目,,myuk,,,1
問,,myûn,,,1
門,,mun,,,1
夜,,jiâ,,,1
野,,jiá,,,1
矢,,shí,,,1
役,,jyek,,,1
約,,qiak,,,1
薬,（藥）,jiak,,,1
訳,（譯）,jiek,,,1
油,,jyu,,,1
輸,,shyo,,,1
優,,qyu,,,1
勇,,jyóŋ,,,1
友,,xyú,,,1
有,,xyú,,,1
由,,jyu,,,1
遊,,jyu,,,1
郵,,xyu,,,1
夕,,ziek,,,1
予,（豫）,jió,,,1
余,（餘）,jio,,,1
預,,jiô,,,1
幼,,qrîu,,,1
容,,jyoŋ,,,1
曜,,jiêu,,,1
様,（樣）,jiâŋ,,,1
洋,,jiaŋ,,,1
用,,jyôŋ,,,1
羊,,jiaŋ,,,1
葉,,jiep,,,1
要,,qiêu,,,1
陽,,jiaŋ,,,1
養,,jiáŋ,,,1
欲,,jyok,,,1
浴,,jyok,,,1
翌,,jiək,,,1
来,（來）,ləi,,,1
落,,lak,,,1
乱,（亂）,luân,,,1
卵,,luán,,,1
覧,（覽）,lám,,,1
利,,lî,,,1
理,,liə́,,,1
裏,,liə́,,,1
里,,liə́,,,1
陸,,lyuk,,,1
律,,lyt,,,1
率,,lyt,名詞【標準，わりあい】、動詞【計算する】、【類似する】。,,1
立,,lip,,,1
略,,liak,,,1
流,,lyu,,,1
留,,lyu,,,1
旅,,lió,,,1
両,（兩）,liáŋ,,,1
料,,lêu,,,1
良,,liaŋ,,,1
量,,liâŋ,名詞【ます，かさ】、動詞【しらべる，かんがえる】。,,1
領,,liéŋ,,,1
力,,liək,,,1
緑,,lyok,,,1
林,,lim,,,1
臨,,lim,,,1
輪,,lyn,,,1
類,,lŷi,,,1
令,,liêŋ,,,1
例,,liêi,,,1
冷,,léŋ,,,1
歴,（歷）,lek,,,1
列,,liet,,,1
練,,lên,,,1
連,,lien,,,1
路,,lô,,,1
労,（勞）,lau,形容詞【つとめている】、動詞【つかれる，なやむ】、【はたらく】、名詞【つかれ】、【てがら，しごと】。,,1
労,（勞）,lâu,動詞【ねぎらう】、【すすめる】、名詞【ねぎらい】。,,1
老,,láu,,,1
六,,lyuk,,,1
録,,lyok,,,1
論,,lun,動詞【討論する】。,,1
論,,lûn,名詞【言論】。,,1
和,,xua,,,1
話,,xruâi,,,1
晴,,dzieŋ,,,1
朗,,láŋ,,,1
益,,qiek,,,1
礼,（禮）,léi,,,1
神,,zhin,,,1
福,,pyuk,,,1
精,,cieŋ,,,1
羽,,xyó,,,1
諸,,tio,,,1
都,,to,,,1
飯,,byôn,,,1
飼,,ziə̂,,,1
館,,kuân,,,1
京,,krieŋ,,,1
応,（應）,qiə̂ŋ,,,1
時,,diə,,,1
服,,byuk,,,1
満,（滿）,mán,,,1
麦,（麥）,mrek,,,1
悪,（惡）,qô,動詞【にくむ】、【そしる】、形容詞【はじる】。,例詞：｛嫌惡｝、｛惡心｝,2
横,,xruâŋ,形容詞【きまりにそわない，よこしまな】、動詞【ぬれぎぬをきせる】。,例詞：｛橫暴｝、｛橫柄｝,2
下,,xrâ,他動詞【くだす】。,,2
会,（會）,kuâi,動詞【総計する】。,例詞：｛會計｝,2
看,,khan,動詞【みまもる】。,例詞：｛看護｝、｛看守｝,2
間,,krên,名詞【すきま】、動詞【へだてる】、【はさむ，かかわる】，副詞【ひそかに】、【ときどき】。,例詞：｛間諜｝,2
興,,qhiə̂ŋ,名詞【たのしみ】、動詞【たのしむ】。,例詞：｛興味｝,2
空,,khûŋ,名詞【すきま】、動詞【たりない】、形容詞【まずしい】。,,2
校,,krâu,名詞【かせ，柵】、動詞【くらべる】、【ただす】、【あらがう】。,例詞：｛校正｝,2
行,,xaŋ,名詞【ならび】、【みせ】。,例詞：｛銀行｝,2
作,,câ,異義不明。,例詞：｛動作｝,2
殺,,srêi,動詞【へらす，おとろえる】、名詞【ちがい】。,例詞：｛相殺｝,2
三,,sâm,副詞【なんども】。,例詞：｛再三｝,2
参,（參）,sam,数詞【3】。,,2
参,（參）,srim,星宿名、草名。,例詞：｛參商｝、｛人參｝,2
使,,sriə̂,動詞【つかいとしておもむく】、名詞【使者】、官名。,,2
思,,siə̂,名詞【おもい】。,,2
識,,tiə̂,動詞【記憶する】、【しるしをつける】、名詞【めじるし】。,,2
首,,shyû,動詞【むかう】、【降伏する】。,例詞：｛自首｝,2
従,（從）,dzyôŋ,名詞【したがうひと】、形容詞【従属的な】。,例詞：｛從兄｝,2
重,,dryoŋ,動詞【かさなる】、名詞【層】。,,2
重,,dryôŋ,動詞【ふえる、くりかえす】、副詞【ますます、また】，名詞【おもさ】。,,2
出,,thŷi,他動詞【ださせる】。,例詞：｛出納｝,2
少,,shiêu,形容詞【わかい】。,例詞：｛少年｝,2
正,,tieŋ,名詞【正月】、【まとのまんなか】。,例詞：｛正月｝,2
生,,sriêŋ,他動詞【うむ】。,,2
切,,chêi,形容詞【おおい】。,例詞：｛一切｝,2
説,,shyêi,動詞【ときふせる】、【やすむ】。,,2
先,,sên,動詞【さきんじる】。,,2
走,,cû,動詞【いく，むかう】。,例詞：｛奔走｝,2
足,,cyô,動詞【たす】、副詞【過分に】。,,2
卒,,cut,名詞【しもべ】。,例詞：｛兵卒｝、｛獄卒｝,2
担,（擔）,tâm,名詞【になっているもの】。,,2
中,,tryûŋ,動詞【あてる】。,例詞：｛命中｝,2
朝,,drieu,動詞【まみえる】、名詞【朝廷】。,例詞：｛朝鮮｝,2
調,,deu,動詞【ととのう，かなでる】、【からかう，そそのかす】。,,2
長,,driâŋ,形容詞【あまっている】、名詞【ながさ】。,例詞：｛冗長｝,2
長,,triáŋ,動詞【そだつ】、【重視する】、形容詞【年長である】、名詞【おさ】。,,2
度,,dak,動詞【はかる】。,,2
読,,dû,名詞【句中のくぎり】。,例詞：｛句讀点｝,2
難,,nân,名詞【わざわい】、動詞【こばむ，なじる，おそれる】。,例詞：｛遭難｝、｛非難｝,2
付,,pyô,動詞【あたえる】、【しはらう】,,2
復,,byû,副詞【もう一度，さらに，それに】。,,2
分,,byûn,名詞【たちば】、【素質】、動詞【推測する】、【うれしくおもう】。,例詞：｛身分｝、｛本分｝、｛性分｝,2
要,,qieu,動詞【まねく，むかえうつ】、【無理じいする】。,例詞：｛要求｝、｛要撃｝、｛强要｝,2
養,,jiâŋ,動詞【おやのせわをする，つかえる】。,,2
率,,sryt,動詞【とらえる】、【ひきいる，したがう】、形容詞【すなおな】、【すべての】、副詞【おおむね】、名詞【模範】。,例詞：｛軽率｝,2
両,（兩）,liâŋ,量詞。,例詞：｛車兩｝,2
量,,liaŋ,動詞【計量する】。,,2
悪,（惡）,qo,代詞【どこ】、副詞【どうして】。,,3
衣,,qiə̂i,動詞【きる，きせる】。,,3
遺,,jŷi,動詞【おくる】。,,3
飲,,qrîm,他動詞【のませる】。,,3
右,,xyû,動詞【たすける】、【すすめる】。,,3
雨,,xyô,他動詞【ふらせる】。,,3
遠,,xyôn,他動詞【とおざける】。,,3
塩,（鹽）,jiem,,,3
王,,xyâŋ,動詞【君臨する】。,,3
仮,（假）,krâ,名詞【やすみ】（通〈暇〉）。,,3
夏,,xrá,形容詞【さかんな】，名詞【中国】。,,3
荷,,xa,草名。,例詞：｛荷蘭｝,3
解,,krê,動詞【上級に報告する】、【おくる】。,,3
覚,（覺）,krâu,動詞【めがさめる】。,,3
楽,（樂）,ŋrâu,動詞【このむ】。,,3
観,（觀）,kuân,名詞【ものみ台】。,,3
間,,xren,形容詞【ひまな】、動詞【習熟する】。,,3
居,,kiə,文末助詞。,,3
禁,,krim,動詞【もちこたえる，ひきうけられる】。,,3
句,,ku,動詞【まがる】、【ひきとどめる】、形容詞【へりくだっている】。,例詞：｛高句麗｝,3
県,（縣）,xuen,動詞【かける】、形容詞【かけはなれている】。,,3
見,,xên,動詞【あらわれる】、【すすめる】、形容詞【現有の】。,,3
語,,ŋiô,他動詞【つたえる】。,,3
厚,,xû,名詞【あつさ】。,,3
鋼,,kâŋ,動詞【やいばをするどくする】、【やいばにやきいれする】。,,3
高,,kâu,名詞【たかさ】。,,3
左,,câ,動詞【たすける】。,,3
妻,,chêi,動詞【とつがせる】。,,3
始,,shiə̂,副詞【はじめて，ようやく】。,,3
守,,shyû,名詞【衛兵】、官名、動詞【代行する】。,,3
種,,tyôŋ,動詞【うえる】、【ひろめる】。,,3
樹,,dyó,動詞【うえる，たてる】。,,3
縦,（縱）,cyôŋ,動詞【はなつ，まかせる】、副詞【おもうままに】、連詞【たとえ】。,,3
宿,,syû,名詞【星座】。,,3
女,,nió,代詞【あなた】。,,3
女,,nriô,動詞【とつがせる】。,,3
勝,,shiə̂ŋ,動詞【もちこたえる，かつぐ】、副詞【すべて】。,,3
将,（將）,chiaŋ,動詞【ねがう】。,,3
焼,,shiêu,他動詞【やく】。,,3
乗,（乘）,zhiə̂ŋ,名詞【史書】、量詞。,,3
食,,ziə̂,動詞【たべさせる】。,,3
深,,shîm,名詞【ふかさ】。,,3
数,（數）,srok,副詞【たびたび】、形容詞【はやい】。,,3
折,,diet,動詞【ねびきする】。,,3
説,,jyet,動詞【うれしくおもう】。,,3
造,,châu,動詞【いたる】、名詞【実現したもの】、【時代】、副詞【にわかに】。,,3
属,（屬）,tyok,動詞【連続する，文をかく】，【みにつける】、【あつまる】、【すすめる】、副詞【ちょうど，やっと】。,,3
台,（¬臺）,thəi,星名、地名。,例詞：｛天台宗｝,3
台,（¬臺）,jiə,代詞【わたし】、動詞【うれしくおもう】。,例詞：｛如台｝,3
題,,dêi,動詞【みる】。,,3
柱,,tryó,動詞【もちこたえる，ささえる】。,,3
弟,,dêi,名詞【すなおさ】。,,3
転,（轉）,tryên,他動詞【まわす】。,,3
点,（點）,têm,動詞【もじをけしてなおす】。,,3
湯,,thâŋ,動詞【あそびほうける】，【ゆらしうごかす】、【あたためる】。,,3
等,,tə́i,古音。,,3
能,,nəi,古音。,,3
能,,nə̂i,動詞【たえる】。,,3
比,,bî,動詞【ならぶ，たすける】、形容詞【密集している】、【ひとしい】、【いつもの，すべての】、副詞【以前】、【ちかごろ，連続して】、【すべて】、介詞【ために】、【してから】。,,3
夫,,byo,代詞【あの，この】、助詞【そもそも】、句末助詞。,,3
父,,pyó,男子の美称。,,3
風,,pyûŋ,動詞【ふく】、【感化する】、【いさめる】。,,3
便,,bien,形容詞【やすらかな】、動詞【くちさきをうまくつかう】。,,3
弁,（¬辨辯瓣）,bryên,,,3
暴,,buk,動詞【さらす】。,,3
予,（¬豫）,jio,代詞【わたし】。,,3
余,（¬餘）,jio,,,3
令,,lieŋ,動詞【させる】、連詞【もし】。,,3
論,,lyn,名詞【道理，等級】、動詞【えらぶ】。,例詞：｛論語｝,3
応,（應）,qiəŋ,副詞【しなければならない】、【はずである】。,,3
